


/*
  https://es.wikipedia.org/wiki/ISO_3166-1 
  https://hl7chile.cl/fhir/ig/clcore/1.9.2/ValueSet-CodPais.html
*/
CREATE TABLE [dbo].[TAB_Pais_ISO3166_1N]
(
  Codigo CHAR(3) PRIMARY KEY CHECK (Codigo LIKE '[0-9][0-9][0-9]'),
  Nombre VARCHAR(20) NOT NULL,
  Vigente BIT DEFAULT 1 NOT NULL,
);

/*
  No: https://www.bcn.cl/leychile/navegar?idNorma=1123248&idParte=9950411
  Si: https://hl7chile.cl/fhir/ig/clcore/1.9.2/ValueSet-VSCodigosRegionesCL.html
*/
CREATE TABLE [dbo].[TAB_RegionChile]
(
  CodigoUnicoTerritorial CHAR(2) PRIMARY KEY CHECK (CodigoUnicoTerritorial LIKE '[0-9][0-9]'),
  Nombre VARCHAR(50) NOT NULL,
  Vigente BIT DEFAULT 1 NOT NULL,
  Orden INT NULL
);

/*
  https://hl7chile.cl/fhir/ig/clcore/1.9.2/ValueSet-VSCodigosProvinciasCL.html
*/
CREATE TABLE [dbo].[TAB_ProvinciaChile]
(
  CodigoUnicoTerritorial CHAR(3) PRIMARY KEY CHECK (CodigoUnicoTerritorial LIKE '[0-9][0-9][0-9]'),
  Nombre VARCHAR(50) NOT NULL,
  Vigente BIT DEFAULT 1 NOT NULL,
  CodigoUnicoTerritorialRegion CHAR(2) NOT NULL,

  FOREIGN KEY (CodigoUnicoTerritorialRegion) REFERENCES TAB_RegionChile(CodigoUnicoTerritorial)
);

/*
  https://hl7chile.cl/fhir/ig/clcore/1.9.2/ValueSet-VSCodigosComunaCL.html
*/
CREATE TABLE [dbo].[TAB_ComunaChile]
(
  CodigoUnicoTerritorial CHAR(5) PRIMARY KEY CHECK (CodigoUnicoTerritorial LIKE '[0-9][0-9][0-9][0-9][0-9]'),
  Nombre VARCHAR(50) NOT NULL,
  Vigente BIT DEFAULT 1 NOT NULL,
  CodigoUnicoTerritorialProvincia VARCHAR(3) NOT NULL,

  FOREIGN KEY (CodigoUnicoTerritorialProvincia) REFERENCES TAB_CodigoProvinciaChile(CodigoUnicoTerritorial)
);

/* ------------------------------------------------------------------------------------------------------------------------ */


INSERT INTO [dbo].[TAB_RegionChile]
  (CodigoUnicoTerritorial, Nombre, Orden)
VALUES
  ('15', 'Arica y Parinacota', 1),
  ('01', 'Tarapacá', 2),
  ('02', 'Antofagasta', 3),
  ('03', 'Atacama', 4),
  ('04', 'Coquimbo', 5),
  ('05', 'Valparaíso', 6),
  ('13', 'Metropolitana de Santiago', 7),
  ('06', 'Del Libertador Gral. Bernardo O''Higgins', 8),
  ('07', 'Del Maule', 9),
  ('08', 'Del Biobío', 10),
  ('09', 'De la Araucanía', 11),
  ('14', 'De los Ríos', 12),
  ('10', 'De los Lagos', 13),
  ('11', 'Aysén del Gral. Carlos Ibáñez del Campo', 14),
  ('12', 'Magallanes y de la Antártica Chilena', 15),
  ('16', 'Ñuble', 16);

INSERT INTO [dbo].[TAB_ProvinciaChile]
  (CodigoUnicoTerritorialRegion, CodigoUnicoTerritorial, Nombre)
VALUES
  ('15', '151', 'Arica'),
  ('15', '152', 'Parinacota'),
  ('01', '011', 'Iquique'),
  ('01', '014', 'Tamarugal'),
  ('02', '021', 'Antofagasta'),
  ('02', '022', 'El Loa'),
  ('02', '023', 'Tocopilla'),
  ('03', '031', 'Copiapó'),
  ('03', '032', 'Chañaral'),
  ('03', '033', 'Huasco'),
  ('04', '041', 'Elqui'),
  ('04', '042', 'Choapa'),
  ('04', '043', 'Limarí'),
  ('05', '051', 'Valparaíso'),
  ('05', '052', 'Isla de Pascua'),
  ('05', '053', 'Los Andes'),
  ('05', '054', 'Petorca'),
  ('05', '055', 'Quillota'),
  ('05', '056', 'San Antonio'),
  ('05', '057', 'San Felipe de Aconcagua'),
  ('05', '058', 'Marga Marga'),
  ('13', '131', 'Santiago'),
  ('13', '132', 'Cordillera'),
  ('13', '133', 'Chacabuco'),
  ('13', '134', 'Maipo'),
  ('13', '135', 'Melipilla'),
  ('13', '136', 'Talagante'),
  ('06', '061', 'Cachapoal'),
  ('06', '062', 'Cardenal Caro'),
  ('06', '063', 'Colchagua'),
  ('07', '071', 'Talca'),
  ('07', '072', 'Cauquenes'),
  ('07', '073', 'Curicó'),
  ('07', '074', 'Linares'),
  ('08', '081', 'Concepción'),
  ('08', '082', 'Arauco'),
  ('08', '083', 'Biobío'),
  ('09', '091', 'Cautín'),
  ('09', '092', 'Malleco'),
  ('14', '141', 'Valdivia'),
  ('14', '142', 'Ranco'),
  ('10', '101', 'Llanquihue'),
  ('10', '102', 'Chiloé'),
  ('10', '103', 'Osorno'),
  ('10', '104', 'Palena'),
  ('11', '111', 'Coihaique'),
  ('11', '112', 'Aysén'),
  ('11', '113', 'Capitán Prat'),
  ('11', '114', 'General Carrera'),
  ('12', '121', 'Magallanes'),
  ('12', '122', 'Antártica Chilena'),
  ('12', '123', 'Tierra del Fuego'),
  ('12', '124', 'última Esperanza'),
  ('16', '161', 'Diguillín'),
  ('16', '162', 'Itata'),
  ('16', '163', 'Punilla');

INSERT INTO [dbo].[TAB_ComunaChile]
  (CodigoUnicoTerritorialProvincia, CodigoUnicoTerritorial, Nombre)
VALUES
  ('151', '15101', 'Arica'),
  ('151', '15102', 'Camarones'),
  ('152', '15201', 'Putre'),
  ('152', '15202', 'General Lagos'),
  ('011', '01101', 'Iquique'),
  ('011', '01107', 'Alto Hospicio'),
  ('014', '01401', 'Pozo Almonte'),
  ('014', '01402', 'Camiña'),
  ('014', '01403', 'Colchane'),
  ('014', '01404', 'Huara'),
  ('014', '01405', 'Pica'),
  ('021', '02101', 'Antofagasta'),
  ('021', '02102', 'Mejillones'),
  ('021', '02103', 'Sierra Gorda'),
  ('021', '02104', 'Taltal'),
  ('022', '02201', 'Calama'),
  ('022', '02202', 'Ollagüe'),
  ('022', '02203', 'San Pedro de Atacama'),
  ('023', '02301', 'Tocopilla'),
  ('023', '02302', 'María Elena'),
  ('031', '03101', 'Copiapó'),
  ('031', '03102', 'Caldera'),
  ('031', '03103', 'Tierra Amarilla'),
  ('032', '03201', 'Chañaral'),
  ('032', '03202', 'Diego de Almagro'),
  ('033', '03301', 'Vallenar'),
  ('033', '03302', 'Alto del Carmen'),
  ('033', '03303', 'Freirina'),
  ('033', '03304', 'Huasco'),
  ('041', '04101', 'La Serena'),
  ('041', '04102', 'Coquimbo'),
  ('041', '04103', 'Andacollo'),
  ('041', '04104', 'La Higuera'),
  ('041', '04105', 'Paiguano'),
  ('041', '04106', 'Vicuña'),
  ('042', '04201', 'Illapel'),
  ('042', '04202', 'Canela'),
  ('042', '04203', 'Los Vilos'),
  ('042', '04204', 'Salamanca'),
  ('043', '04301', 'Ovalle'),
  ('043', '04302', 'Combarbalá'),
  ('043', '04303', 'Monte Patria'),
  ('043', '04304', 'Punitaqui'),
  ('043', '04305', 'Río Hurtado'),
  ('051', '05101', 'Valparaíso'),
  ('051', '05102', 'Casablanca'),
  ('051', '05103', 'Concón'),
  ('051', '05104', 'Juan Fernández'),
  ('051', '05105', 'Puchuncaví'),
  ('051', '05107', 'Quintero'),
  ('051', '05109', 'Viña del Mar'),
  ('052', '05201', 'Isla de Pascua'),
  ('053', '05301', 'Los Andes'),
  ('053', '05302', 'Calle Larga'),
  ('053', '05303', 'Rinconada'),
  ('053', '05304', 'San Esteban'),
  ('054', '05401', 'La Ligua'),
  ('054', '05402', 'Cabildo'),
  ('054', '05403', 'Papudo'),
  ('054', '05404', 'Petorca'),
  ('054', '05405', 'Zapallar'),
  ('055', '05501', 'Quillota'),
  ('055', '05502', 'Calera'),
  ('055', '05503', 'Hijuelas'),
  ('055', '05504', 'La Cruz'),
  ('055', '05506', 'Nogales'),
  ('056', '05601', 'San Antonio'),
  ('056', '05602', 'Algarrobo'),
  ('056', '05603', 'Cartagena'),
  ('056', '05604', 'El Quisco'),
  ('056', '05605', 'El Tabo'),
  ('056', '05606', 'Santo Domingo'),
  ('057', '05701', 'San Felipe'),
  ('057', '05702', 'Catemu'),
  ('057', '05703', 'Llaillay'),
  ('057', '05704', 'Panquehue'),
  ('057', '05705', 'Putaendo'),
  ('057', '05706', 'Santa María'),
  ('058', '05801', 'Quilpué'),
  ('058', '05802', 'Limache'),
  ('058', '05803', 'Olmué'),
  ('058', '05804', 'Villa Alemana'),
  ('131', '13101', 'Santiago Centro'),
  ('131', '13102', 'Cerrillos'),
  ('131', '13103', 'Cerro Navia'),
  ('131', '13104', 'Conchalí'),
  ('131', '13105', 'El Bosque'),
  ('131', '13106', 'Estacin Central'),
  ('131', '13107', 'Huechuraba'),
  ('131', '13108', 'Independencia'),
  ('131', '13109', 'La Cisterna'),
  ('131', '13110', 'La Florida'),
  ('131', '13111', 'La Granja'),
  ('131', '13112', 'La Pintana'),
  ('131', '13113', 'La Reina'),
  ('131', '13114', 'Las Condes'),
  ('131', '13115', 'Lo Barnechea'),
  ('131', '13116', 'Lo Espejo'),
  ('131', '13117', 'Lo Prado'),
  ('131', '13118', 'Macul'),
  ('131', '13119', 'Maipú'),
  ('131', '13120', 'ÑuÑoa'),
  ('131', '13121', 'Pedro Aguirre Cerda'),
  ('131', '13122', 'Peñalolén'),
  ('131', '13123', 'Providencia'),
  ('131', '13124', 'Pudahuel'),
  ('131', '13125', 'Quilicura'),
  ('131', '13126', 'Quinta Normal'),
  ('131', '13127', 'Recoleta'),
  ('131', '13128', 'Renca'),
  ('131', '13129', 'San Joaquín'),
  ('131', '13130', 'San Miguel'),
  ('131', '13131', 'San Ramón'),
  ('131', '13132', 'Vitacura'),
  ('132', '13201', 'Puente Alto'),
  ('132', '13202', 'Pirque'),
  ('132', '13203', 'San José de Maipo'),
  ('133', '13301', 'Colina'),
  ('133', '13302', 'Lampa'),
  ('133', '13303', 'Tiltil'),
  ('134', '13401', 'San Bernardo'),
  ('134', '13402', 'Buin'),
  ('134', '13403', 'Calera de Tango'),
  ('134', '13404', 'Paine'),
  ('135', '13501', 'Melipilla'),
  ('135', '13502', 'Alhué'),
  ('135', '13503', 'Curacaví'),
  ('135', '13504', 'María Pinto'),
  ('135', '13505', 'San Pedro'),
  ('136', '13601', 'Talagante'),
  ('136', '13602', 'El Monte'),
  ('136', '13603', 'Isla de Maipo'),
  ('136', '13604', 'Padre Hurtado'),
  ('136', '13605', 'Peñaflor'),
  ('061', '06101', 'Rancagua'),
  ('061', '06102', 'Codegua'),
  ('061', '06103', 'Coinco'),
  ('061', '06104', 'Coltauco'),
  ('061', '06105', 'Doñihue'),
  ('061', '06106', 'Graneros'),
  ('061', '06107', 'Las Cabras'),
  ('061', '06108', 'Machalí'),
  ('061', '06109', 'Malloa'),
  ('061', '06110', 'Mostazal'),
  ('061', '06111', 'Olivar'),
  ('061', '06112', 'Peumo'),
  ('061', '06113', 'Pichidegua'),
  ('061', '06114', 'Quinta de Tilcoco'),
  ('061', '06115', 'Rengo'),
  ('061', '06116', 'Requínoa'),
  ('061', '06117', 'San Vicente'),
  ('062', '06201', 'Pichilemu'),
  ('062', '06202', 'La Estrella'),
  ('062', '06203', 'Litueche'),
  ('062', '06204', 'Marchihue'),
  ('062', '06205', 'Navidad'),
  ('062', '06206', 'Paredones'),
  ('063', '06301', 'San Fernando'),
  ('063', '06302', 'Chépica'),
  ('063', '06303', 'Chimbarongo'),
  ('063', '06304', 'Lolol'),
  ('063', '06305', 'Nancagua'),
  ('063', '06306', 'Palmilla'),
  ('063', '06307', 'Peralillo'),
  ('063', '06308', 'Placilla'),
  ('063', '06309', 'Pumanque'),
  ('063', '06310', 'Santa Cruz'),
  ('071', '07101', 'Talca'),
  ('071', '07102', 'Constitución'),
  ('071', '07103', 'Curepto'),
  ('071', '07104', 'Empedrado'),
  ('071', '07105', 'Maule'),
  ('071', '07106', 'Pelarco'),
  ('071', '07107', 'Pencahue'),
  ('071', '07108', 'Río Claro'),
  ('071', '07109', 'San Clemente'),
  ('071', '07110', 'San Rafael'),
  ('072', '07201', 'Cauquenes'),
  ('072', '07202', 'Chanco'),
  ('072', '07203', 'Pelluhue'),
  ('073', '07301', 'Curicó'),
  ('073', '07302', 'Hualañé'),
  ('073', '07303', 'Licantén'),
  ('073', '07304', 'Molina'),
  ('073', '07305', 'Rauco'),
  ('073', '07306', 'Romeral'),
  ('073', '07307', 'Sagrada Familia'),
  ('073', '07308', 'Teno'),
  ('073', '07309', 'Vichuqué'),
  ('074', '07401', 'Linares'),
  ('074', '07402', 'Colbún'),
  ('074', '07403', 'Longaví'),
  ('074', '07404', 'Parral'),
  ('074', '07405', 'Retiro'),
  ('074', '07406', 'San Javier'),
  ('074', '07407', 'Villa Alegre'),
  ('074', '07408', 'Yerbas Buenas'),
  ('081', '08101', 'Concepción'),
  ('081', '08102', 'Coronel'),
  ('081', '08103', 'Chiguayante'),
  ('081', '08104', 'Florida'),
  ('081', '08105', 'Hualqui'),
  ('081', '08106', 'Lota'),
  ('081', '08107', 'Penco'),
  ('081', '08108', 'San Pedro de la Paz'),
  ('081', '08109', 'Santa Juana'),
  ('081', '08110', 'Talcahuano'),
  ('081', '08111', 'Tomé'),
  ('081', '08112', 'Hualpén'),
  ('082', '08201', 'Lebu'),
  ('082', '08202', 'Arauco'),
  ('082', '08203', 'Cañete'),
  ('082', '08204', 'Contulmo'),
  ('082', '08205', 'Curanilahue'),
  ('082', '08206', 'Los Álamos'),
  ('082', '08207', 'Tirúa'),
  ('083', '08301', 'Los Ángeles'),
  ('083', '08302', 'Antuco'),
  ('083', '08303', 'Cabrero'),
  ('083', '08304', 'Laja'),
  ('083', '08305', 'Mulchén'),
  ('083', '08306', 'Nacimiento'),
  ('083', '08307', 'Negrete'),
  ('083', '08308', 'Quilaco'),
  ('083', '08309', 'Quilleco'),
  ('083', '08310', 'San Rosendo'),
  ('083', '08311', 'Santa Bárbara'),
  ('083', '08312', 'Tucapel'),
  ('083', '08313', 'Yumbel'),
  ('083', '08314', 'Alto Biobío'),
  ('091', '09101', 'Temuco'),
  ('091', '09102', 'Carahue'),
  ('091', '09103', 'Cunco'),
  ('091', '09104', 'Curarrehue'),
  ('091', '09105', 'Freire'),
  ('091', '09106', 'Galvarino'),
  ('091', '09107', 'Gorbea'),
  ('091', '09108', 'Lautaro'),
  ('091', '09109', 'Loncoche'),
  ('091', '09110', 'Melipeuco'),
  ('091', '09111', 'Nueva Imperial'),
  ('091', '09112', 'Padre las Casas'),
  ('091', '09113', 'Perquenco'),
  ('091', '09114', 'Pitrufquén'),
  ('091', '09115', 'Pucón'),
  ('091', '09116', 'Saavedra'),
  ('091', '09117', 'Teodoro Schmidt'),
  ('091', '09118', 'Toltén'),
  ('091', '09119', 'Vilcún'),
  ('091', '09120', 'Villarrica'),
  ('091', '09121', 'Cholchol'),
  ('092', '09201', 'Angol'),
  ('092', '09202', 'Collipulli'),
  ('092', '09203', 'Curacautín'),
  ('092', '09204', 'Ercilla'),
  ('092', '09205', 'Lonquimay'),
  ('092', '09206', 'Los Sauces'),
  ('092', '09207', 'Lumaco'),
  ('092', '09208', 'Purén'),
  ('092', '09209', 'Renaico'),
  ('092', '09210', 'Traiguén'),
  ('092', '09211', 'Victoria'),
  ('141', '14101', 'Valdivia'),
  ('141', '14102', 'Corral'),
  ('141', '14103', 'Lanco'),
  ('141', '14104', 'Los Lagos'),
  ('141', '14105', 'Máfil'),
  ('141', '14106', 'Mariquina'),
  ('141', '14107', 'Paillaco'),
  ('141', '14108', 'Panguipulli'),
  ('142', '14201', 'La Unión'),
  ('142', '14202', 'Futrono'),
  ('142', '14203', 'Lago Ranco'),
  ('142', '14204', 'Río Bueno'),
  ('101', '10101', 'Puerto Montt'),
  ('101', '10102', 'Calbuco'),
  ('101', '10103', 'Cochamó'),
  ('101', '10104', 'Fresia'),
  ('101', '10105', 'Frutillar'),
  ('101', '10106', 'Los Muermos'),
  ('101', '10107', 'Llanquihue'),
  ('101', '10108', 'Maullín'),
  ('101', '10109', 'Puerto Varas'),
  ('102', '10201', 'Castro'),
  ('102', '10202', 'Ancud'),
  ('102', '10203', 'Chonchi'),
  ('102', '10204', 'Curaco de Vélez'),
  ('102', '10205', 'Dalcahue'),
  ('102', '10206', 'Puqueldón'),
  ('102', '10207', 'Queilén'),
  ('102', '10208', 'Quellón'),
  ('102', '10209', 'Quemchi'),
  ('102', '10210', 'Quinchao'),
  ('103', '10301', 'Osorno'),
  ('103', '10302', 'Puerto Octay'),
  ('103', '10303', 'Purranque'),
  ('103', '10304', 'Puyehue'),
  ('103', '10305', 'Río Negro'),
  ('103', '10306', 'San Juan de la Costa'),
  ('103', '10307', 'San Pablo'),
  ('104', '10401', 'Chaitén'),
  ('104', '10402', 'Futaleufú'),
  ('104', '10403', 'Hualaihué'),
  ('104', '10404', 'Palena'),
  ('111', '11101', 'Coihaique'),
  ('111', '11102', 'Lago Verde'),
  ('112', '11201', 'Aysén'),
  ('112', '11202', 'Cisnes'),
  ('112', '11203', 'Guaitecas'),
  ('113', '11301', 'Cochrane'),
  ('113', '11302', 'O''Higgins'),
  ('113', '11303', 'Tortel'),
  ('114', '11401', 'Chile Chico'),
  ('114', '11402', 'Río Ibáñez'),
  ('121', '12101', 'Punta Arenas'),
  ('121', '12102', 'Laguna Blanca'),
  ('121', '12103', 'Río Verde'),
  ('121', '12104', 'San Gregorio'),
  ('122', '12201', 'Cabo de Hornos'),
  ('122', '12202', 'Antartica'),
  ('123', '12301', 'Porvenir'),
  ('123', '12302', 'Primavera'),
  ('123', '12303', 'Timaukel'),
  ('124', '12401', 'Natales'),
  ('124', '12402', 'Torres del Paine'),
  ('161', '16101', 'Chillán'),
  ('161', '16102', 'Bulnes'),
  ('161', '16103', 'Chillán Viejo'),
  ('161', '16104', 'El Carmen'),
  ('161', '16105', 'Pemuco'),
  ('161', '16106', 'Pinto'),
  ('161', '16107', 'Quillón'),
  ('161', '16108', 'San Ignacio'),
  ('161', '16109', 'Yungay'),
  ('162', '16201', 'Quirihue'),
  ('162', '16202', 'Cobquecura'),
  ('162', '16203', 'Coelemu'),
  ('162', '16204', 'Ninhue'),
  ('162', '16205', 'Portezuelo'),
  ('162', '16206', 'Ránquil'),
  ('162', '16207', 'Treguaco'),
  ('163', '16301', 'San Carlos'),
  ('163', '16302', 'Coihueco'),
  ('163', '16303', 'Ñiquén'),
  ('163', '16304', 'San Fabián'),
  ('163', '16305', 'San Nicolás');




INSERT INTO [dbo].[TAB_RelacionContactoPacienteExtendido]
  (Codigo, Nombre)
VALUES
  ('C', 'Contacto de emergencia'),
  ('E', 'Empleador'),
  ('F', 'Entidad federal'),
  ('I', 'Compañia de seguros'),
  ('N', 'Pariente más cercano'),
  ('S', 'Entidad estatal'),
  ('U', 'Desconocido');


/* https://hl7chile.cl/fhir/ig/clcore/1.9.2/ValueSet-VSCodigoslenguaje.html */
INSERT INTO [dbo].[TAB_Lenguaje]
  (Codigo, Nombre)
VALUES
  ('ar-SA', 'Arabic	Saudi Arabia, Arabic (Saudi Arabia)'),
  ('bn-BD', 'Bangla	Bangladesh, Bangla (Bangladesh)'),
  ('bn-IN', 'Bangla	India, Bangla (India)'),
  ('cs-CZ', 'Czech	Czech Republic, Czech (Czech Republic)'),
  ('da-DK', 'Danish	Denmark, Danish (Denmark)'),
  ('de-AT', 'German	Austria, Austrian German'),
  ('de-CH', 'German	Switzerland, Swiss German'),
  ('de-DE', 'German	Germany, Standard German (as spoken in Germany)'),
  ('el-GR', 'Greek	Greece, Modern Greek'),
  ('en-AU', 'English	Australia, Australian English'),
  ('en-CA', 'English	Canada, Canadian English'),
  ('en-GB', 'English	United Kingdom, British English'),
  ('en-IE', 'English	Ireland, Irish English'),
  ('en-IN', 'English	India, Indian English'),
  ('en-NZ', 'English	New Zealand, New Zealand English'),
  ('en-US', 'English	United States, US English'),
  ('en-ZA', 'English	South Africa, English (South Africa)'),
  ('es-AR', 'Spanish	Argentina, Argentine Spanish'),
  ('es-CL', 'Spanish	Chile, Chilean Spanish'),
  ('es-CO', 'Spanish	Columbia, Colombian Spanish'),
  ('es-ES', 'Spanish	Spain, Castilian Spanish (as spoken in Central-Northern Spain)'),
  ('es-MX', 'Spanish	Mexico, Mexican Spanish'),
  ('es-US', 'Spanish	United States, American Spanish'),
  ('fi-FI', 'Finnish	Finland, Finnish (Finland)'),
  ('fr-BE', 'French	Belgium, Belgian French'),
  ('fr-CA', 'French	Canada, Canadian French'),
  ('fr-CH', 'French	Switzerland, Swiss French'),
  ('fr-FR', 'French	France, Standard French (especially in France)'),
  ('he-IL', 'Hebrew	Israel, Hebrew (Israel)'),
  ('hi-IN', 'Hindi	India, Hindi (India)'),
  ('hu-HU', 'Hungarian	Hungary, Hungarian (Hungary)'),
  ('id-ID', 'Indonesian	Indonesia, Indonesian (Indonesia)'),
  ('it-CH', 'Italian	Switzerland, Swiss Italian'),
  ('it-IT', 'Italian	Italy, Standard Italian (as spoken in Italy)'),
  ('jp-JP', 'Japanese	Japan, Japanese (Japan)'),
  ('ko-KR', 'Korean	Republic of Korea, Korean (Republic of Korea)'),
  ('nl-BE', 'Dutch	Belgium, Belgian Dutch'),
  ('nl-NL', 'Dutch	The Netherlands, Standard Dutch (as spoken in The Netherlands)'),
  ('no-NO', 'Norwegian	Norway, Norwegian (Norway)'),
  ('pl-PL', 'Polish	Poland, Polish (Poland)'),
  ('pt-BR', 'Portugese	Brazil, Brazilian Portuguese'),
  ('pt-PT', 'Portugese	Portugal, European Portuguese (as written and spoken in Portugal)'),
  ('ro-RO', 'Romanian	Romania, Romanian (Romania)'),
  ('ru-RU', 'Russian	Russian Federation, Russian (Russian Federation)'),
  ('sk-SK', 'Slovak	Slovakia, Slovak (Slovakia)'),
  ('sv-SE', 'Swedish	Sweden, Swedish (Sweden)'),
  ('ta-IN', 'Tamil	India, Indian Tamil'),
  ('ta-LK', 'Tamil	Sri Lanka, Sri Lankan Tamil'),
  ('th-TH', 'Thai	Thailand, Thai (Thailand)'),
  ('tr-TR', 'Turkish	Turkey, Turkish (Turkey)'),
  ('zh-CN', 'Chinese	China, Mainland China, simplified characters'),
  ('zh-HK', 'Chinese	Hond Kong, Hong Kong, traditional characters'),
  ('zh-TW', 'Chinese	Taiwan, Taiwan, traditional characters');